{
  "type": "minecraft:crafting_shapeless",
  "ingredients": [
    "minecraft:iron_nugget",
    "minecraft:gunpowder",
    "minecraft:gold_nugget"
  ],
  "result": {
    "id": "minecraft:clock",
    "count": 6,
    "components": {
      "minecraft:item_model": "minecraft:ammo/bullets",
      "minecraft:custom_data": {
        "gz_data": {
          "bullet_type": 0
        }
      },
      "minecraft:item_name": {"translate": "thepa.item.name.bullet_0","color": "white","italic": false},
      "minecraft:tooltip_display": {
        "hidden_components": [
          "minecraft:container"
        ]
      }
    }
  }
}