{
    "type": "minecraft:crafting_shaped",
     
"pattern": [
        "GGG",
        "GFG",
        "GGG"
    ],
    "key": {
        "F": "minecraft:fire_charge",
		"G": "minecraft:gunpowder"
    },
    "result": {
      "id": "minecraft:clock",
      "count": 1,
      "components": {
        "minecraft:item_model": "minecraft:ammo/dragon_shell",
        "minecraft:custom_data": {
          "gz_data": {
            "bullet_type": 14
          }
        },
        "minecraft:item_name": {"translate": "thepa.item.name.bullet_14","color": "white","italic": false}
      }
    }
    
}