{
    "type": "minecraft:crafting_shaped",
     
"pattern": [
        "GNG",
        "GIG",
        "GBG"
    ],
    "key": {
        "N": "minecraft:diamond",
        "B": "minecraft:iron_block",
        "I": "minecraft:netherite_ingot",
		"G": "minecraft:tnt"
    },
    "result": {
      "id": "minecraft:clock",
      "count": 1,
      "components": {
        "minecraft:item_model": "minecraft:ammo/sniper_ammo",
        "minecraft:custom_data": {
          "gz_data": {
            "bullet_type": 11
          }
        },
        "minecraft:item_name": {"translate": "thepa.item.name.bullet_11","color": "white","italic": false}
      }
    }
    
}