{
	"type": "minecraft:crafting_shapeless",
	  
  "ingredients": [
        "minecraft:iron_ingot",
        "minecraft:gunpowder",
        "minecraft:coal"
    ],
    "result": {
      "id": "minecraft:clock",
      "count": 1,
      "components": {
        "minecraft:item_model": "minecraft:ammo/musket_ball",
        "minecraft:custom_data": {
          "gz_data": {
            "bullet_type": 3
          }
        },
        "minecraft:item_name": {"translate": "thepa.item.name.bullet_3","color": "white","italic": false}
      }
    }
}