{
    "type": "minecraft:crafting_shaped",
     
"pattern": [
        " TT",
        "RNI",
        "BI "
    ],
    "key": {
        "I": "minecraft:iron_ingot",
        "N": "minecraft:iron_block",
		"B": "minecraft:stone_button",
		"T": "minecraft:iron_trapdoor",
		"R": "minecraft:repeater"
    },
    "result": {
        "id": "minecraft:carrot_on_a_stick",
        "components": {
          "minecraft:item_model": "minecraft:guns/ar_15",
          "minecraft:custom_data": {"gz_data":{"capacity":30, "bullets":0, "reload_time":5, "id":16,"debuff":-0.5,"shooting_delay": 4,"scoped_model":"minecraft:guns/ar_15_sc","normal_model":"minecraft:guns/ar_15"}},
          "minecraft:swing_animation":{"type":"none"},
          "enchantments":{"thepa:left_click_detect": 1},
          "piercing_weapon":{},
          "enchantment_glint_override":false,
          "tooltip_display":{"hide_tooltip": false,"hidden_components": ["attribute_modifiers","enchantments"]},
          "minecraft:item_name": {"translate": "thepa.item.name.gun_16","color": "yellow","italic": false},
          "minecraft:lore": [
            {"translate": "thepa.item.desc.line1","color": "gray","italic": false},
            {"text": "Reload Time: 5s","color": "blue","italic": false},
            {"text":"Uses Medium Rounds"}
          ]
        }
    }
}