{
    "type": "minecraft:crafting_shaped",
     
"pattern": [
        "OP ",
        "IOI",
        "IR "
    ],
    "key": {
        "P": "minecraft:glass_pane",
        "O": "minecraft:orange_concrete",
        "I": "minecraft:iron_ingot",
		"R": "minecraft:redstone_block"
    },
    "result": {
        "id": "minecraft:carrot_on_a_stick",
        "components": {
          "minecraft:item_model": "minecraft:guns/awp/awp",
          "minecraft:custom_data": {"gz_data":{"capacity":1, "bullets":0, "reload_time":5.5, "id":11,"debuff":-200,"sniper":1,"shooting_delay": 1,"scoped_model":"minecraft:guns/awp/awp_sc","normal_model":"minecraft:guns/awp/awp"}},
          "minecraft:swing_animation":{"type":"none"},
          "enchantments":{"thepa:left_click_detect": 1},
          "piercing_weapon":{},
          "enchantment_glint_override":false,
          "tooltip_display":{"hide_tooltip": false,"hidden_components": ["attribute_modifiers","enchantments"]},
          "minecraft:item_name": {"translate": "thepa.item.name.gun_11","color": "yellow","italic": false},
          "minecraft:lore": [
            {"translate": "thepa.item.desc.line1","color": "gray","italic": false},
            {"text": "Reload Time: 5.5s","color": "blue","italic": false},
            {"text":"Uses Heavy Rounds"}
          ]
        }
    }
}