{
    "type": "minecraft:crafting_shaped",
      
  "pattern": [
        " GI",
        "RCB",
        "CI "
    ],
    "key": {
        "I": "minecraft:iron_ingot",
        "R": "minecraft:redstone",
        "G": "minecraft:glass",
        "C": "minecraft:green_concrete",
        "B": "minecraft:stone_button"
    },
    "result": {
        "id": "minecraft:carrot_on_a_stick",
        "components": {
          "minecraft:item_model": "minecraft:guns/aug",
          "minecraft:custom_data": {"gz_data":{"capacity":30, "bullets":0, "reload_time":2.2, "id":53,"debuff":-0.5,"shooting_delay": 12,"scoped_model":"minecraft:guns/aug_sc","normal_model":"minecraft:guns/aug"}},
          "minecraft:swing_animation":{"type":"none"},
          "enchantments":{"thepa:left_click_detect": 1},
          "piercing_weapon":{},
          "enchantment_glint_override":false,
          "tooltip_display":{"hide_tooltip": false,"hidden_components": ["attribute_modifiers","enchantments"]},
          "minecraft:item_name": {"translate": "thepa.item.name.gun_53","color": "yellow","italic": false},
          "minecraft:lore": [
            {"translate": "thepa.item.desc.line1","color": "gray","italic": false},
            {"text": "Reload Time: 2s","color": "blue","italic": false},
            {"text":"Uses Medium Rounds"}
          ]
        }
    }
}