{
    "type": "minecraft:crafting_shaped",
     
"pattern": [
        "RR ",
        "RIB",
        "  B"
    ],
    "key": {
        "I": "minecraft:iron_ingot",
        "B": "minecraft:black_concrete",
        "R": "minecraft:red_concrete"
    },
    "result": {
        "id": "minecraft:carrot_on_a_stick",
        "components": {
          "minecraft:item_model": "minecraft:guns/flare_gun",
          "minecraft:custom_data": {"gz_data":{"capacity":6, "bullets":0, "reload_time":5, "id":9,"debuff":-0.5,"shooting_delay": 40,"scoped_model":"minecraft:guns/flare_gun_sc","normal_model":"minecraft:guns/flare_gun"}},
          "minecraft:swing_animation":{"type":"none"},
          "enchantments":{"thepa:left_click_detect": 1},
          "piercing_weapon":{},
          "enchantment_glint_override":false,
          "tooltip_display":{"hide_tooltip": false,"hidden_components": ["attribute_modifiers","enchantments"]},
          "minecraft:item_name": {"translate": "thepa.item.name.gun_9","color": "yellow","italic": false},
          "minecraft:lore": [
            {"translate": "thepa.item.desc.line1","color": "gray","italic": false},
            {"text": "Reload Time: 5s","color": "blue","italic": false},
            {"text":"Uses Flares"}
          ]
        }
    }
}