{
    "type": "minecraft:crafting_shaped",
     
"pattern": [
        "IT ",
        "TIR",
        " SL"
    ],
    "key": {
        "I": "minecraft:iron_ingot",
        "S": "minecraft:stick",
		"L": "minecraft:lever",
		"T": "minecraft:iron_trapdoor",
		"R": "minecraft:redstone"
    },
    "result": {
        "id": "minecraft:carrot_on_a_stick",
        "components": {
          "minecraft:item_model": "minecraft:guns/glock",
          "minecraft:custom_data": {"gz_data":{"capacity":17, "bullets":0, "reload_time":2.7, "id":18,"debuff":-0.5,"shooting_delay": 6,"scoped_model":"minecraft:guns/glock_sc","normal_model":"minecraft:guns/glock"}},
          "minecraft:swing_animation":{"type":"none"},
          "enchantments":{"thepa:left_click_detect": 1},
          "piercing_weapon":{},
          "enchantment_glint_override":false,
          "tooltip_display":{"hide_tooltip": false,"hidden_components": ["attribute_modifiers","enchantments"]},
          "minecraft:item_name": {"translate": "thepa.item.name.gun_18","color": "yellow","italic": false},
          "minecraft:lore": [
            {"translate": "thepa.item.desc.line1","color": "gray","italic": false},
            {"text": "Reload Time: 3s","color": "blue","italic": false},
            {"text":"Uses Bullets"}
          ]
        }
    }
}