{
    "type": "minecraft:crafting_shaped",
     
"pattern": [
        "EY ",
        "DL ",
        " NR"
    ],
    "key": {
        "E": "minecraft:ender_pearl",
        "Y": "minecraft:ender_eye",
        "L": "minecraft:end_crystal",
		"R": "minecraft:end_rod",
		"N": "minecraft:netherite_block",
		"D": "minecraft:diamond_block"
    },
    "result": {
        "id": "minecraft:carrot_on_a_stick",
        "components": {
          "minecraft:item_model": "minecraft:guns/shrinker",
          "minecraft:custom_data": {"gz_data":{"capacity":50, "bullets":0, "reload_time":3.5, "id":13,"debuff":-0.5,"shooting_delay": 1,"scoped_model":"minecraft:guns/shrinker_sc","normal_model":"minecraft:guns/shrinker"}},
          "minecraft:swing_animation":{"type":"none"},
          "enchantments":{"thepa:left_click_detect": 1},
          "piercing_weapon":{},
          "enchantment_glint_override":false,
          "tooltip_display":{"hide_tooltip": false,"hidden_components": ["attribute_modifiers","enchantments"]},
          "minecraft:item_name": {"translate": "thepa.item.name.gun_13","color": "yellow","italic": false},
          "minecraft:lore": [
            {"translate": "thepa.item.desc.line1","color": "gray","italic": false},
            {"text": "Reload Time: 3.5s","color": "blue","italic": false},
            {"text":"Uses Chorus Flower"}
          ]
        }
    }
}