{
    "type": "minecraft:crafting_shaped",
     
"pattern": [
        "II ",
        " RS",
        "IIL"
    ],
    "key": {
        "L": "minecraft:lever",
        "I": "minecraft:iron_ingot",
        "S": "minecraft:iron_block",
        "R": "minecraft:redstone"
    },
    "result": {
        "id": "minecraft:carrot_on_a_stick",
        "components": {
          "minecraft:item_model": "minecraft:guns/pump_shotgun",
          "minecraft:custom_data": {"gz_data":{"capacity":3, "bullets":0, "reload_time":1.5, "id":7,"debuff":-0.5,"shooting_delay": 30,"scoped_model":"minecraft:guns/pump_shotgun_sc","normal_model":"minecraft:guns/pump_shotgun"}},
          "minecraft:swing_animation":{"type":"none"},
          "enchantments":{"thepa:left_click_detect": 1},
          "piercing_weapon":{},
          "enchantment_glint_override":false,
          "tooltip_display":{"hide_tooltip": false,"hidden_components": ["attribute_modifiers","enchantments"]},
          "minecraft:item_name": {"translate": "thepa.item.name.gun_7","color": "yellow","italic": false},
          "minecraft:lore": [
            {"translate": "thepa.item.desc.line1","color": "gray","italic": false},
            {"text": "Reload Time: 1.5s","color": "blue","italic": false},
            {"text":"Uses Shells"}
          ]
        }
    }
}