{
    "type": "minecraft:crafting_shaped",
     
"pattern": [
        "I  ",
        "LIS",
        " WP"
    ],
    "key": {
        "L": "minecraft:lever",
        "I": "minecraft:iron_block",
        "S": "minecraft:stone_button",
        "W": "#minecraft:logs",
        "P": "minecraft:piston"
    },
    "result": {
        "id": "minecraft:carrot_on_a_stick",
        "components": {
          "minecraft:item_model": "minecraft:guns/musket",
          "minecraft:custom_data": {"gz_data":{"capacity":1, "bullets":0, "reload_time":3, "id":2,"debuff":-0.8,"shooting_delay": 25,"scoped_model":"minecraft:guns/musket_sc","normal_model":"minecraft:guns/musket"}},
          "minecraft:swing_animation":{"type":"none"},
          "enchantments":{"thepa:left_click_detect": 1},
          "piercing_weapon":{},
          "enchantment_glint_override":false,
          "tooltip_display":{"hide_tooltip": false,"hidden_components": ["attribute_modifiers","enchantments"]},
          "minecraft:item_name": {"translate": "thepa.item.name.gun_2","color": "yellow","italic": false},
          "minecraft:lore": [
            {"translate": "thepa.item.desc.line1","color": "gray","italic": false},
            {"text": "Reload Time: 3s","color": "blue","italic": false},
            {"text":"Uses Musket Balls"}
          ]
        }
    }
}