{
    "type": "minecraft:crafting_shaped",
      
  "pattern": [
        "III",
        "BC ",
        "BL "
    ],
    "key": {
        "I": "minecraft:iron_ingot",
		"B": "minecraft:iron_block",
		"L": "minecraft:lever",
		"C": "minecraft:black_concrete"
    },
    "result": {
        "id": "minecraft:carrot_on_a_stick",
        "components": {
          "minecraft:item_model": "minecraft:guns/deagle",
          "minecraft:custom_data": {"gz_data":{"capacity":7, "bullets":0, "reload_time":5, "id":26,"debuff":-0.5,"shooting_delay": 25,"scoped_model":"minecraft:guns/deagle_sc","normal_model":"minecraft:guns/deagle"}},
          "minecraft:swing_animation":{"type":"none"},
          "enchantments":{"thepa:left_click_detect": 1},
          "piercing_weapon":{},
          "enchantment_glint_override":false,
          "tooltip_display":{"hide_tooltip": false,"hidden_components": ["attribute_modifiers","enchantments"]},
          "minecraft:item_name": {"translate": "thepa.item.name.gun_26","color": "yellow","italic": false},
          "minecraft:lore": [
            {"translate": "thepa.item.desc.line1","color": "gray","italic": false},
            {"text": "Reload Time: 5s","color": "blue","italic": false},
            {"text":"Uses .50 Cal Ammo"}
          ]
        }
    }
}