{
    "type": "minecraft:crafting_shaped",
     
"pattern": [
        "  I",
        "II-",
        "SSS"
    ],
    "key": {
        "I": "minecraft:iron_ingot",
        "S": "minecraft:nether_star",
        "-": "minecraft:netherite_block"
    },
    "result": {
        "id": "minecraft:carrot_on_a_stick",
        "components": {
          "minecraft:item_model": "minecraft:guns/minigun",
          "minecraft:custom_data": {"gz_data":{"capacity":255, "bullets":0, "reload_time":20, "id":5,"debuff":-0.9,"shooting_delay": 1,"scoped_model":"minecraft:guns/minigun_sc","normal_model":"minecraft:guns/minigun"}},
          "minecraft:swing_animation":{"type":"none"},
          "enchantments":{"thepa:left_click_detect": 1},
          "piercing_weapon":{},
          "enchantment_glint_override":false,
          "tooltip_display":{"hide_tooltip": false,"hidden_components": ["attribute_modifiers","enchantments"]},
          "minecraft:item_name": {"translate": "thepa.item.name.gun_5","color": "yellow","italic": false},
          "minecraft:lore": [
            {"translate": "thepa.item.desc.line1","color": "gray","italic": false},
            {"text": "Reload Time: 20s","color": "blue","italic": false},
            {"text":"Uses Nether Stars"}
          ]
        }
    }
}