{
    "type": "minecraft:crafting_shaped",
      
  "pattern": [
        "OOO",
        "IID",
        "BGG"
    ],
    "key": {
        "O": "minecraft:heavy_weighted_pressure_plate",
        "I": "minecraft:iron_block",
		"G": "minecraft:green_concrete",
		"B": "minecraft:stone_button",
		"D": "minecraft:gold_ingot"
    },
    "result": {
        "id": "minecraft:carrot_on_a_stick",
        "components": {
          "minecraft:item_model": "minecraft:guns/lmg",
          "minecraft:custom_data": {"gz_data":{"capacity":100, "bullets":0, "reload_time":7, "id":24,"debuff":-0.8,"shooting_delay": 1,"scoped_model":"minecraft:guns/lmg_sc","normal_model":"minecraft:guns/lmg"}},
          "minecraft:swing_animation":{"type":"none"},
          "enchantments":{"thepa:left_click_detect": 1},
          "piercing_weapon":{},
          "enchantment_glint_override":false,
          "tooltip_display":{"hide_tooltip": false,"hidden_components": ["attribute_modifiers","enchantments"]},
          "minecraft:item_name": {"translate": "thepa.item.name.gun_24","color": "yellow","italic": false},
          "minecraft:lore": [
            {"translate": "thepa.item.desc.line1","color": "gray","italic": false},
            {"text": "Reload Time: 7s","color": "blue","italic": false},
            {"text":"Uses Medium Rounds"}
          ]
        }
    }
}