{
  "anvil_cost": 4,
  "description": "",
  "max_cost": {
    "base": 65,
    "per_level_above_first": 9
  },
  "max_level": 1,
  "min_cost": {
    "base": 15,
    "per_level_above_first": 9
  },
  "slots": [
    "mainhand",
    "offhand"
  ],
  "supported_items": [
    "minecraft:carrot_on_a_stick",
    "minecraft:warped_fungus_on_a_stick"
  ],
  "weight": 1,
  "effects": {
    "minecraft:post_piercing_attack": [
      {
        "effect": {
          "type": "minecraft:run_function",
          "function": "thepa:utilities/detect_modern"
        }
      }
    ]
  }
}